Job Title,Date,Company,Easy Apply,Remote?,RequireAccount Creation?,Require you to fill in information that was readily available on LinkedIn?,Status,Interview?,Off-site link
Full Stack Engineer,3/22/2023,Round2POS,Yes,No,,,Applied,,
Frontend Developer,3/22/2023,Data Blanket,Yes,No,,,Applied,,
ReactJS Developer,3/22/2023,Falcon Smart IT,Yes,No,,,Applied,,
,,,,,,,,,
Application Developer / DevSecOps Engineer,3/23/2023,EY,No,Unsure,Yes,Yes,Applied,,https://careers.ey.com/ey/job/Hoboken-Application-Developer-DevSecOps-Engineer-NJ-07030/909209501/?feedId=337401&utm_source=LinkedInJobPostings&utm_campaign=j2w_linkedin
Web Engineer,3/23/2023,Spotify,No,Yes,No,No,Applied,,https://www.lifeatspotify.com/
Associate Frontend Developer,3/23/2023,QuinStreet,No,Yes,No,No,Applied,,quinstreet.com/careers/
Junior Software Engineer,3/23/2023,Concept3D Inc.,Yes,,,,Applied,,
Netflix,3/23/2023,Software Engineer (L4) - TV User Interface,No,Yes,No,No,Applied,,
