Job_Title,Date,Company,Apply,Remote,Account,Refill,Status,Reason
Full Stack Engineer,3/22/2023,Round2POS,Yes,No,No,No,Application Viewed,
Frontend Developer,3/22/2023,Data Blanket,Yes,No,No,No,No Response,30-Mar
ReactJS Developer,3/22/2023,Falcon Smart IT,Yes,No,No,No,REJECTED,JOB DELETED & REPOSTED
Software Developer,3/23/2023,Extremely Heavy,Yes,Hybrid,No,No,REJECTED,NO INTERVIEW
Application Developer / DevSecOps Engineer,3/23/2023,EY,No,No,Yes,Yes,REJECTED,JOB FILLED
Web Engineer,3/23/2023,Spotify,No,Yes,No,No,No Response,30-Mar
Associate Frontend Developer,3/23/2023,QuinStreet,No,Yes,No,No,No Response,30-Mar
Junior Software Engineer,3/23/2023,Concept3D Inc.,Yes,Yes,No,No,REJECTED,JOB DELETED
Software Engineer (L4) - TV User Interface,3/23/2023,Netflix,No,Yes,No,No,No Response,30-Mar
Web Developer,3/23/2023,Braven Agency,Yes,No,No,No,Resume Downloaded,Messaged Recruiter
Full Stack Engineer,3/24/2023,Roaming Hunger,Yes,Hybrid,No,No,Resume Downloaded,Messaged Recruiter
Software Engineer (Full-Stack),3/24/2023,Steno,No,Yes,No,No,REJECTED,JOB DELETED
Front End Developer,3/24/2023,Inovalon,No,Yes,No,No,REJECTED,JOB DELETED
"Software Engineer, Frontend",3/24/2023,PlanetX,No,Yes,No,No,No Response,2-Apr
Entry Level Full Stack Software Engineer,3/24/2023,Envorso,Yes,Yes,No,No,No Response,2-Apr
Software Engineer,3/24/2023,Rewiring America,Yes,Yes,No,No,No Response,2-Apr
Jr. Web Developer,3/25/2023,Culligan International,No,No,Yes,Yes,REJECTED,JOB DELETED
Insomniac - Software Engineer,3/26/2023,Insomniac Events,No,No,Yes,No,No Response,2-Apr
Frontend Engineer,3/26/2023,Hadrian,No,No,No,No,No Response,2-Apr
Front End Developer - ONSITE #: 23-03083,3/26/2023,"TalentBurst, an Inc 5000 Company",No,No,No,No,No Response,2-Apr
Full Stack Javascript Engineer,3/26/2023,Career Movement,No,No,No,No ,No Response,2-Apr
Web Developer,3/26/2023,ConsultNet,No,No,No,No,No Response,2-Apr
Front-end Engineer,3/26/2023,Captiv8,No,Yes,No,No,REJECTED,JOB DELETED
Front End Engineer,3/27/2023,Pingboard,Yes,Yes,No,No,No Response,2-Apr
Frontend Engineer - Web,3/27/2023,Gametime,No,Yes,No,No,No Response,2-Apr
SFCC Web Developer,3/27/2023,La Senza,No,No,No,No,No Response,2-Apr
Software Engineer II - Full-Stack (CX),3/27/2023,Stubhub,No,Hybrid,No,No,No Response,2-Apr
Front End Engineer,3/27/2023,Census,No,Yes,No,No,No Response,2-Apr
Full Stack Software Engineer,3/27/2023,Disqo,No,Hybrid,No,No,No Response,2-Apr
Frontend Engineer,3/27/2023,Ascendion,No,Yes,No,No,REJECTED,JOB DELETED
Web Developer,3/27/2023,USC,No,Hybrid,Yes,Yes,REJECTED,JOB DELETED
Software Engineer - Web,3/27/2023,Extron,Yes,Hybrid,No,No,Application Viewed,
Frontend Engineer,3/27/2023,Recruiting from Scratch,No,Hybrid,No,No,No Response,2-Apr
Web Application Developer,3/27/2023,Sabio School of Software Engineering,Yes,Yes,No,No,APPLIED,Messaged Recruiter
Frontend Developer,3/27/2023,Hone Health,Yes,Yes,No,No,REJECTED,JOB DELETED
Full stack MERN specialist - R01523875,3/30/2023,Brillio,No,Yes,No,No,APPLIED,2-Apr
Frontend Developer,3/30/2023,CSI Companies,Yes,Hybrid,No,No,Application Viewed,
Frontend Developer,3/30/2023,Mastech Digital,Yes,Yes,No,No,APPLIED,2-Apr
Full Stack Engineer,3/30/2023,REKEEPIT,Yes,Yes,No,No,APPLIED,2-Apr
Junior Software Engineer,3/30/2023,Datex Property Solutions,Yes,No,No,No,APPLIED,2-Apr
Software Engineer,3/30/2023,Jax App,Yes,Yes,No,No,REJECTED,NO REASON
"Junior Software Engineer, Full Stack",3/30/2023,Patterned Learning AI,No,Yes,No,No,APPLIED,
Javascript/React Engineer,3/30/2023,ElevalIT Solutions,Yes,Yes,No,No,APPLIED,Messaged Recruiter
Frontend Engineer,3/30/2023,Rubicon,No,Yes,No,No,APPLIED,
Web Designer,3/30/2023,Designity,No,Yes,No,No,APPLIED,
Software Developer,3/30/2023,Force Marketing,Yes,No,No,No,APPLIED,
Frontend Developer,3/31/2023,Ctrees,Yes,Hybrid,No,No,REJECTED,JOB DELETED
